{"features.0.weight": [[[[-0.09716979414224625, 0.07911507785320282, 0.17042778432369232], [0.12077644467353821, 0.06320172548294067, 0.1712774932384491], [0.4687420129776001, 0.3299708068370819, 0.28089281916618347]]]], "features.0.bias": [-0.05623115971684456], "features.3.weight": [[[[-0.24811230599880219, 0.24493621289730072, 0.37549108266830444], [0.8591198325157166, 0.4762118458747864, 0.0318368598818779], [-0.8794797658920288, -0.10878224670886993, 0.3868875503540039]]]], "features.3.bias": [-0.22132635116577148], "head.weight": [[0.47908923029899597, -0.9963234663009644, -0.7240883111953735, 0.6623371243476868, -1.748602271080017, -1.048019528388977, -2.248522996902466, -0.6303583979606628, -1.4119372367858887, 0.18449504673480988, -0.31339240074157715, -0.18189579248428345, -0.20568391680717468, -2.2572214603424072, -0.32190394401550293, 0.00759308785200119, -0.12650252878665924, -1.183898687362671, 1.5121580362319946, 0.5528513789176941, -3.9468865394592285, -0.08799834549427032, 1.573438286781311, 0.1250942498445511, -3.838117837905884, -1.2357474565505981, 0.20402580499649048, 0.6244505047798157, 0.17096316814422607, 1.9949934482574463, 0.16352535784244537, -2.973860025405884, 0.6940163969993591, 0.6553787589073181, 0.4951072037220001, 1.023804783821106, 0.21351201832294464, 1.421712875366211, 1.0118145942687988, 0.6255993843078613, -0.4638519883155823, 0.7368748784065247, 0.4065343737602234, -0.4273264706134796, 0.2642264664173126, 0.16067837178707123, -1.6069817543029785, -0.6636692881584167, -0.013489192351698875], [0.34169405698776245, -1.6723077297210693, 1.160029649734497, -0.5272175669670105, 3.243590831756592, -2.4012389183044434, 0.10890437662601471, 0.2626221179962158, -0.24830912053585052, -2.342623710632324, 0.20615947246551514, -3.074979782104492, -1.0291200876235962, -0.027881383895874023, 0.11377353966236115, -1.9848272800445557, -1.1839063167572021, 2.6507086753845215, -1.3939393758773804, -0.8418303728103638, -2.6867733001708984, -0.13175702095031738, -2.9707913398742676, -0.5667617917060852, 1.1958460807800293, -2.418663740158081, -1.2430410385131836, -0.6643633842468262, -0.5554535984992981, -1.4971940517425537, 0.4720554053783417, 1.3256442546844482, -2.086606025695801, -0.4303843379020691, 1.2429860830307007, 0.3884774446487427, 2.0434374809265137, 1.8019922971725464, -1.4697333574295044, -0.2320483773946762, 2.1618707180023193, 0.8266268372535706, -0.14184457063674927, 1.6311825513839722, -0.7278115153312683, -0.9377118945121765, 1.4115296602249146, -1.0186545848846436, -0.15085098147392273], [-1.2296479940414429, 0.40555906295776367, 1.2828526496887207, 1.8579673767089844, 0.8701867461204529, -0.6760407090187073, -2.911895751953125, 2.335939884185791, 0.537956178188324, 0.9598895907402039, 0.9356787800788879, 0.8488072752952576, -0.3920482397079468, -3.9466779232025146, -1.505285382270813, 0.7881843447685242, -0.9067813754081726, -0.13088516891002655, 0.010673879645764828, -0.6688375473022461, 0.35972872376441956, -0.0821114331483841, -3.0074081420898438, -1.325532078742981, -0.762422502040863, -0.6926751136779785, -0.9049848914146423, 4.4001545906066895, 1.5544371604919434, 0.26066580414772034, 1.083267092704773, 0.7867152690887451, 0.2340632826089859, 0.27142512798309326, 4.002269744873047, 0.8387418389320374, 0.9073715806007385, 1.1511937379837036, -0.33779868483543396, -0.029923155903816223, 1.409397840499878, 2.7016029357910156, -1.3783763647079468, 0.4559473395347595, -1.5560098886489868, -1.6977781057357788, 0.8227152228355408, -0.08632972836494446, -1.8153042793273926], [1.761794090270996, 2.115992784500122, 0.13748379051685333, 1.3089104890823364, 2.4199352264404297, -0.30772581696510315, -0.1656084805727005, 1.9432765245437622, 0.2019742727279663, 0.48362043499946594, 2.4708290100097656, -0.3008393943309784, -1.4830787181854248, -1.20259428024292, 1.7199087142944336, 0.4488993287086487, -1.3813660144805908, 2.185534954071045, -0.04957089573144913, 1.1986196041107178, 0.029777098447084427, -0.9722875356674194, -4.698281288146973, 0.6050527095794678, 1.629862666130066, 1.1852537393569946, -0.3134726881980896, -3.263176918029785, 2.6039085388183594, -0.15299290418624878, -1.1193616390228271, -0.8920134902000427, -0.1164870411157608, 0.4541657865047455, -0.2159520536661148, 0.9704092741012573, 0.8846628665924072, -1.1325557231903076, -0.10926895588636398, 0.7329533696174622, -0.09612675756216049, -2.9503583908081055, 0.9647598266601562, 0.9292219877243042, 0.42338624596595764, 0.9856557250022888, 0.07104377448558807, -0.6040899753570557, 0.09594134241342545], [-0.5888561010360718, -2.922694206237793, -1.3752410411834717, 0.48070889711380005, 1.158904790878296, 2.2668516635894775, -0.4823873043060303, 0.7301812767982483, 0.8830582499504089, 0.3950408697128296, -2.803260326385498, 0.11890938878059387, -1.8806589841842651, 4.278050899505615, -0.7067701816558838, -0.13509616255760193, -0.5347796082496643, -2.690335750579834, -0.0529232956469059, -2.0019171237945557, -0.20381997525691986, -0.6636331677436829, 2.494243621826172, 0.825468897819519, 1.2724964618682861, 0.23856443166732788, 0.922116756439209, 0.33621999621391296, 1.0771231651306152, 0.844509482383728, -0.22706986963748932, 1.4615832567214966, 0.5509895086288452, -0.47908347845077515, -1.0331597328186035, -0.3134436011314392, -2.5051136016845703, -1.862298607826233, 0.5598444938659668, -1.5027962923049927, -0.2599359154701233, -1.0348310470581055, -1.2464395761489868, 1.4405899047851562, 1.337807297706604, -0.6823733448982239, 0.04083572328090668, -0.3332729637622833, -1.0621013641357422], [-2.1316871643066406, -0.6351860761642456, 0.4145280122756958, 0.15077245235443115, -0.023094380274415016, -0.07884848862886429, 0.5159648656845093, -2.1882431507110596, 0.3822009861469269, 0.2054484635591507, -1.0006036758422852, 0.2701564133167267, 2.1454455852508545, 3.7459144592285156, -1.2558000087738037, -0.020453594624996185, 0.9735573530197144, -0.5863491296768188, 0.09946329146623611, 0.562279224395752, 5.326600074768066, -0.11552214622497559, -0.8538838028907776, 1.2095186710357666, -0.04185759648680687, -0.15535488724708557, -1.557654857635498, -0.47474202513694763, -0.03298633545637131, 0.17382341623306274, -1.9048937559127808, -1.6273045539855957, 0.01406665239483118, 1.4211078882217407, 0.05145074427127838, -1.339035153388977, 0.2729354500770569, -0.07422580569982529, 0.4237072765827179, 0.6657805442810059, 1.132711410522461, 0.5691490173339844, -1.3428237438201904, -2.1537511348724365, -0.5101006031036377, 0.9004655480384827, 0.09906834363937378, 0.7691975235939026, -0.7107238173484802], [1.3964881896972656, 1.6193958520889282, -0.11712268739938736, 2.998819589614868, -0.5730393528938293, 1.2177197933197021, 1.495948314666748, -1.0013920068740845, -1.210636854171753, -1.0068494081497192, -1.9886747598648071, -1.1359381675720215, 1.8157583475112915, 0.5617243051528931, -2.047276496887207, -0.9429255723953247, -0.05392797291278839, -1.8857231140136719, -1.710722804069519, 0.9617865681648254, -3.3094301223754883, -1.0737203359603882, 1.3011739253997803, -0.1660500168800354, -1.227290391921997, 0.8693121671676636, 1.123780608177185, 0.3442073166370392, -2.8294434547424316, -0.06696329265832901, 2.0778567790985107, 0.0786949172616005, 0.656164288520813, 0.7692772746086121, 1.096766710281372, -2.78875732421875, -1.0776530504226685, 2.201003313064575, 1.000438928604126, 1.9367588758468628, 0.25376972556114197, -0.07423368096351624, 1.038391351699829, -3.605621099472046, -4.047982215881348, -1.1082878112792969, -3.321213483810425, -0.16183777153491974, 1.8389936685562134], [0.6363821029663086, -2.1403610706329346, -3.2698285579681396, -6.157327651977539, -1.8208504915237427, -0.36173129081726074, 0.3540092408657074, 0.781091570854187, 1.5715585947036743, 1.5510437488555908, 0.4790838062763214, -0.3844353258609772, -1.8168926239013672, -0.2115195393562317, 3.3908417224884033, 1.2929898500442505, -0.1368907392024994, 2.6389219760894775, 1.3376723527908325, 